Start Station Latitude,Start Station Longitude,StationExistedBefore,Start Station Name,Latitude (generated),Longitude (generated),AfterMinusBeforeTrips,AfterTimesTrips,BeforeTimesTrips
42.267902,-71.093641,TRUE,Mattapan T Stop,42.267902,-71.093641,272,755,483
42.27094707,-71.07337901,TRUE,Central Ave at River St,42.27094707,-71.07337901,701,754,53
42.27462067,-71.09372553,TRUE,Blue Hill Ave at Almont St,42.27462067,-71.09372553,93,245,152
42.27600499,-71.03924982,TRUE,BCBS Quincy,42.27600499,-71.03924982,-173,35,208
42.2771947,-71.06955614,TRUE,Washington St at Walsh Playground,42.2771947,-71.06955614,245,278,33
42.2773889,-71.09325,TRUE,Mattapan Library,42.2773889,-71.09325,128,262,134
42.27748444,-71.16341468,TRUE,Spring St at Powell St,42.27748444,-71.16341468,259,340,81
42.27881158,-71.11687703,TRUE,*,42.27881158,-71.11687703,223,322,99
42.28072514,-71.08617242,TRUE,Morton St T,42.28072514,-71.08617242,9,152,143
42.28072815,-71.13423757,TRUE,Washington St at Denton Terr,42.28072815,-71.13423757,197,322,125
42.28198628,-71.07147925,TRUE,Washington St at Fuller St,42.28198628,-71.07147925,221,271,50
42.28277901,-71.15728851,TRUE,Centre St at Parkway YMCA,42.28277901,-71.15728851,112,238,126
42.28297568,-71.05466698,TRUE,Gallivan Blvd at Adams St,42.28297568,-71.05466698,627,1175,548
42.28484472,-71.11874517,TRUE,Mt. Hope St at Hyde Park Ave,42.28484472,-71.11874517,305,373,68
42.2856944,-71.0641389,TRUE,Ashmont T Stop,42.2856944,-71.0641389,346,1077,731
42.286012,-71.090986,FALSE,Blue Hill Ave at Havelock St,42.286012,-71.090986,43,43,0
42.28621295,-71.07942931,TRUE,Thetford Ave at Norfolk St,42.28621295,-71.07942931,279,415,136
42.28630716,-71.12820532,TRUE,Roslindale Village - Washington St,42.28630716,-71.12820532,-141,527,668
42.28633199,-71.15344755,TRUE,Centre St at W. Roxbury Post Office,42.28633199,-71.15344755,190,324,134
42.2863459,-71.1367213,TRUE,Belgrade Ave at Walworth St,42.2863459,-71.1367213,72,539,467
42.287072,-71.127754,TRUE,Roslindale Village - South St,42.287072,-71.127754,-128,806,934
42.2873611,-71.071111,TRUE,Codman Square Library,42.2873611,-71.071111,-270,490,760
42.28887,-71.095003,FALSE,2 Hummingbird Lane at Olmsted Green,42.28887,-71.095003,15,15,0
42.290333,-71.071806,TRUE,Washington St at Talbot Ave,42.290333,-71.071806,-90,387,477
42.29118035,-71.11773666,TRUE,Northbourne Rd at Hyde Park Ave,42.29118035,-71.11773666,191,306,115
42.29167943,-71.05726346,TRUE,Adams St at Lonsdale St,42.29167943,-71.05726346,533,722,189
42.29175622,-71.0625918,TRUE,Dorchester Ave at King St,42.29175622,-71.0625918,-20,309,329
42.2920896,-71.07841156,FALSE,Park St at Norwell St,42.2920896,-71.07841156,37,37,0
42.29266593,-71.12119539,TRUE,Archdale Rd at Washington St,42.29266593,-71.12119539,-1,822,823
42.292917,-71.06575,TRUE,Shawmut T Stop,42.292917,-71.06575,302,837,535
42.2944167,-71.0783056,TRUE,Park St at Norwell St,42.2944167,-71.0783056,-24,51,75
42.29442579,-71.07821761,TRUE,Park St at Norwell St,42.29442579,-71.07821761,24,105,81
42.2945833,-71.087111,TRUE,Talbot Ave At Blue Hill Ave,42.2945833,-71.087111,265,665,400
42.29606705,-71.116012,TRUE,Hyde Park Ave at Walk Hill St,42.29606705,-71.116012,710,923,213
42.29791808,-71.07271846,TRUE,Washington St at Bradlee St,42.29791808,-71.07271846,-13,0,13
42.29916498,-71.07345872,TRUE,Washington St at Bradlee St,42.29916498,-71.07345872,49,307,258
42.2996667,-71.0605833,TRUE,Fields Corner T Stop,42.2996667,-71.0605833,318,814,496
42.300664,-71.060295,TRUE,Fields Corner T Stop,42.300664,-71.060295,-390,172,562
42.300923,-71.114249,TRUE,Forest Hills,42.300923,-71.114249,3307,7209,3902
42.303469,-71.085347,TRUE,Franklin Park Zoo - Franklin Park Rd at Blue Hill Ave,42.303469,-71.085347,967,1690,723
42.30412793,-71.07929528,TRUE,Four Corners - 157 Washington St,42.30412793,-71.07929528,31,328,297
42.30604563,-71.11570891,TRUE,Jamaica St at South St,42.30604563,-71.11570891,817,1363,546
42.306539,-71.107669,TRUE,Williams St at Washington St,42.306539,-71.107669,141,2658,2517
42.30785224,-71.06512249,TRUE,Bowdoin St at Quincy St,42.30785224,-71.06512249,-545,842,1387
42.30791,-71.080952,TRUE,Grove Hall Library - 41 Geneva Ave,42.30791,-71.080952,503,984,481
42.309054,-71.11543,TRUE,Curtis Hall - South St at Centre St,42.309054,-71.11543,-1301,2202,3503
42.309572,-71.0729,TRUE,Columbia Rd at Ceylon St,42.309572,-71.0729,-325,413,738
42.309796,-71.092225,TRUE,*,42.309796,-71.092225,497,1281,784
42.310579,-71.107341,TRUE,Green Street T Stop - Green St at Amory St,42.310579,-71.107341,-1494,4115,5609
42.3106,-71.0539,TRUE,Savin Hill T Stop - S Sydney St at Bay St,42.3106,-71.0539,200,1571,1371
42.3121203,-71.1142981,TRUE,Centre St at Seaverns Ave,42.3121203,-71.1142981,-573,2552,3125
42.31218919,-71.03648586,TRUE,University of Massachusetts Boston - Campus Center,42.31218919,-71.03648586,-188,1541,1729
42.313917,-71.04025,TRUE,University of Massachusetts Boston - Integrated Sciences Complex,42.313917,-71.04025,-338,0,338
42.315692,-71.098634,TRUE,Egleston Square - Atherton St at Washington St,42.315692,-71.098634,-104,1369,1473
42.316902,-71.091946,TRUE,NCAAA - Walnut Ave at Crawford St,42.316902,-71.091946,-137,888,1025
42.316966,-71.104374,TRUE,Stony Brook T Stop,42.316966,-71.104374,695,5741,5046
42.31727474,-71.06537004,TRUE,*,42.31727474,-71.06537004,-443,878,1321
42.317642,-71.056664,TRUE,Ryan Playground - Dorchester Ave at Harbor View St,42.317642,-71.056664,29,2404,2375
42.31786021,-71.07798629,TRUE,Blue Hill Ave at Southwood St,42.31786021,-71.07798629,-43,524,567
42.31787329,-71.08243078,TRUE,Roxbury YMCA - Warren St at MLK Blvd,42.31787329,-71.08243078,-166,1280,1446
42.31869734,-71.06978148,TRUE,*,42.31869734,-71.06978148,-592,548,1140
42.31886468,-71.04536798,TRUE,Geiger Gibson Community Health Center,42.31886468,-71.04536798,3363,3663,300
42.31930943,-71.09639924,TRUE,The Dimock Center,42.31930943,-71.09639924,462,842,380
42.32033974,-71.05118036,TRUE,JFK/UMass T Stop,42.32033974,-71.05118036,-753,2703,3456
42.32039374,-71.05355408,TRUE,Sydney St at Carson St,42.32039374,-71.05355408,532,1526,994
42.320561,-71.06198,TRUE,E Cottage St at Columbia Rd,42.320561,-71.06198,-60,2058,2118
42.32143814,-71.09126061,TRUE,MLK Blvd at Washington St,42.32143814,-71.09126061,-315,1644,1959
42.32176526,-71.10984161,TRUE,Hyde Square - Barbara St at Centre St,42.32176526,-71.10984161,-772,5323,6095
42.32293117,-71.10014141,TRUE,Jackson Square T Stop,42.32293117,-71.10014141,329,6715,6386
42.324081,-71.083235,TRUE,Walnut Ave at Warren St,42.324081,-71.083235,-230,609,839
42.324173,-71.10196,FALSE,Martha Eliot Health Center,42.324173,-71.10196,170,170,0
42.325333,-71.075354,TRUE,Dudley Town Common - Mt Pleasant Ave at Blue Hill Ave,42.325333,-71.075354,6,1026,1020
42.32538436,-71.12177596,TRUE,High St at Cypress St,42.32538436,-71.12177596,682,1487,805
42.326599,-71.066498,TRUE,Newmarket Square T Stop - Massachusetts Ave at Newmarket Square,42.326599,-71.066498,-187,3520,3707
42.32760387,-71.1108917,TRUE,S Huntington Ave at Heath St,42.32760387,-71.1108917,88,3574,3486
42.32784318,-71.12536222,TRUE,Cypress St at Clark Playground,42.32784318,-71.12536222,237,1432,1195
42.32854046,-71.08416483,TRUE,Dudley Square - Dudley St at Warren St,42.32854046,-71.08416483,-481,0,481
42.3294633,-71.0901582,TRUE,Bartlett St at John Elliot Sq,42.3294633,-71.0901582,828,3665,2837
42.32956868,-71.19367272,FALSE,Union St at Herrick Rd – Newton Centre Green Line,42.32956868,-71.19367272,103,103,0
42.32984299,-71.08386573,TRUE,*,42.32984299,-71.08386573,-398,2102,2500
42.33023071,-71.05060093,TRUE,Columbia Rd at Tierney Community Center,42.33023071,-71.05060093,1421,5200,3779
42.33047365,-71.05701685,TRUE,Andrew T Stop - Dorchester Ave at Dexter St,42.33047365,-71.05701685,-250,3829,4079
42.330528,-71.192861,FALSE,Langley Lot,42.330528,-71.192861,48,48,0
42.331184,-71.095171,TRUE,Roxbury Crossing T Stop - Columbus Ave at Tremont St,42.331184,-71.095171,4,11708,11704
42.33209606,-71.12845883,TRUE,Tappan St at Brookline Hills MBTA,42.33209606,-71.12845883,-228,1313,1541
42.33274392,-71.11626681,TRUE,Brookline Village - Station Street at MBTA,42.33274392,-71.11626681,4515,7939,3424
42.332799,-71.116205,TRUE,Brookline Village - Pearl Street at MBTA,42.332799,-71.116205,-291,0,291
42.332817,-71.081198,TRUE,Washington St at Melnea Cass Blvd,42.332817,-71.081198,-315,3003,3318
42.33286289,-71.09218862,TRUE,Whittier St Health Center,42.33286289,-71.09218862,752,1051,299
42.33299892,-71.11634426,TRUE,*,42.33299892,-71.11634426,-3072,0,3072
42.3334,-71.02495,TRUE,Farragut Rd at E. 6th St,42.3334,-71.02495,3991,7777,3786
42.33376473,-71.12046447,TRUE,Brookline Town Hall,42.33376473,-71.12046447,-731,2965,3696
42.3339227,-71.10446509,TRUE,One Brigham Circle,42.3339227,-71.10446509,1848,8911,7063
42.33462893,-71.10407918,TRUE,Brigham Circle - Francis St at Huntington Ave,42.33462893,-71.10407918,773,9420,8647
42.33509899,-71.07903779,TRUE,Washington St at Lenox St,42.33509899,-71.07903779,-871,4918,5789
42.33554308,-71.1506152,TRUE,Cleveland Circle,42.33554308,-71.1506152,1675,4606,2931
42.335693,-71.045859,TRUE,W Broadway at Dorchester St,42.335693,-71.045859,-1951,0,1951
42.335741,-71.03877,TRUE,South Boston Library - 646 E Broadway,42.335741,-71.03877,1672,9717,8045
42.33595898,-71.046229,TRUE,W Broadway at Dorchester St,42.33595898,-71.046229,428,8397,7969
42.33624445,-71.08798564,TRUE,Ruggles T Stop - Columbus Ave at Melnea Cass Blvd,42.33624445,-71.08798564,-3277,15124,18401
42.33639915,-71.07306711,TRUE,Boston Medical Center - E Concord St at Harrison Ave,42.33639915,-71.07306711,2317,8046,5729
42.336448,-71.023739,TRUE,Murphy Skating Rink - 1880 Day Blvd,42.336448,-71.023739,3986,9235,5249
42.33658556,-71.09886997,TRUE,Huntington Ave at Mass Art,42.33658556,-71.09886997,1577,9156,7579
42.33664795,-71.0689446,TRUE,Albany St at E. Brookline St,42.33664795,-71.0689446,-508,4464,4972
42.33671641,-71.06880777,TRUE,Boston Medical Center - E Concord St at Harrison Ave,42.33671641,-71.06880777,-853,0,853
42.33736915,-71.14485977,FALSE,Beacon St at Englewood Ave,42.33736915,-71.14485977,802,802,0
42.33741749,-71.10286117,TRUE,HMS/HSPH - Avenue Louis Pasteur at Longwood Ave,42.33741749,-71.10286117,-3153,11967,15120
42.33758601,-71.09627098,TRUE,Wentworth Institute of Technology - Huntington Ave at Vancouver St,42.33758601,-71.09627098,-3044,4483,7527
42.3382668,-71.13894682,TRUE,Beacon St at Tappan St,42.3382668,-71.13894682,-442,4918,5360
42.33833424,-71.1305093,TRUE,Washington St at Griggs Rd,42.33833424,-71.1305093,1028,2933,1905
42.3385146,-71.07404083,TRUE,Washington St at Rutland St,42.3385146,-71.07404083,-5951,15258,21209
42.338629,-71.1065,TRUE,Longwood Ave at Binney St,42.338629,-71.1065,1410,19057,17647
42.3388956,-71.08149976,TRUE,Tremont St at Northampton St,42.3388956,-71.08149976,-681,8339,9020
42.3391085,-71.0514432,TRUE,W Broadway at D St,42.3391085,-71.0514432,-30,11394,11424
42.339194,-71.06975,FALSE,Harrison Ave at E. Dedham St,42.339194,-71.06975,923,923,0
42.33940659,-71.13489642,FALSE,Washington Sq,42.33940659,-71.13489642,1571,1571,0
42.33949454,-71.08020781,TRUE,Massachusetts Ave at Columbus Ave,42.33949454,-71.08020781,689,4788,4099
42.33978053,-71.1213335,TRUE,Marion St at Harvard St,42.33978053,-71.1213335,2092,5263,3171
42.34011512,-71.10061884,TRUE,Colleges of the Fenway - Fenway at Avenue Louis Pasteur,42.34011512,-71.10061884,-1977,7726,9703
42.34024645,-71.15168806,TRUE,Commonwealth Ave at Chiswick Rd,42.34024645,-71.15168806,213,2531,2318
42.34054262,-71.08138848,TRUE,*,42.34054262,-71.08138848,-5374,2366,7740
42.341332,-71.076847,TRUE,South End Library - Tremont St at W Newton St,42.341332,-71.076847,-2602,7930,10532
42.34135616,-71.08336954,TRUE,Mass Ave T Station,42.34135616,-71.08336954,4279,9670,5391
42.341522,-71.068922,TRUE,Washington St at Waltham St,42.341522,-71.068922,-3925,0,3925
42.34155985,-71.06886953,TRUE,Washington St at Waltham St,42.34155985,-71.06886953,-3986,301,4287
42.34157472,-71.0689044,TRUE,Washington St at Waltham St,42.34157472,-71.0689044,3422,7723,4301
42.341598,-71.123338,TRUE,Coolidge Corner - Beacon St at Centre St,42.341598,-71.123338,-2153,15094,17247
42.34178089,-71.03987017,FALSE,645 Summer St,42.34178089,-71.03987017,187,187,0
42.341814,-71.090179,TRUE,Northeastern University - North Parking Lot,42.341814,-71.090179,2178,13270,11092
42.34254914,-71.07421449,TRUE,Tremont St at W. Dedham St,42.34254914,-71.07421449,-689,6870,7559
42.34278116,-71.05747275,TRUE,Broadway T Stop,42.34278116,-71.05747275,-4558,2290,6848
42.34286835,-71.14127841,TRUE,Washington St at Egremont Rd,42.34286835,-71.14127841,-454,3424,3878
42.34303291,-71.0668873,TRUE,Washington St at Peters Park,42.34303291,-71.0668873,952,4205,3253
42.34366583,-71.08582377,TRUE,Christian Science Plaza - Massachusetts Ave at Westland Ave,42.34366583,-71.08582377,-303,27877,28180
42.34369056,-71.10235287,FALSE,Landmark Center - Brookline Ave at Park Dr,42.34369056,-71.10235287,17596,17596,0
42.34373095,-71.11614107,FALSE,Beacon St at St. Paul St,42.34373095,-71.11614107,4287,4287,0
42.343749,-71.062256,TRUE,Troy Boston,42.343749,-71.062256,-1852,4177,6029
42.34397625,-71.08598473,TRUE,Mobile Temporary Station,42.34397625,-71.08598473,-27,0,27
42.34404051,-71.05737627,TRUE,Dorchester Ave at Gillette Park,42.34404051,-71.05737627,888,2989,2101
42.344137,-71.052608,TRUE,State Street at Channel Center,42.344137,-71.052608,-5098,3978,9076
42.34465063,-71.09732501,TRUE,Boylston St at Jersey St,42.34465063,-71.09732501,-3875,22607,26482
42.34474225,-71.07648162,TRUE,Columbus Ave at W. Canton St,42.34474225,-71.07648162,6394,9072,2678
42.344792,-71.044024,TRUE,The Lawn on D,42.344792,-71.044024,-2248,5191,7439
42.344796,-71.031614,TRUE,ID Building West,42.344796,-71.031614,-3636,2168,5804
42.344827,-71.028664,TRUE,ID Building East,42.344827,-71.028664,-2220,1266,3486
42.344952,-71.127351,FALSE,JFK Crossing at Harvard St. / Thorndike St.,42.344952,-71.127351,394,394,0
42.34496783,-71.11040177,FALSE,Beacon St at Hawes St,42.34496783,-71.11040177,2028,2028,0
42.34521562,-71.06384032,TRUE,Harrison Ave at Mullins Way,42.34521562,-71.06384032,-1275,8578,9853
42.345392,-71.069616,TRUE,Tremont St at E Berkeley St,42.345392,-71.069616,-3839,8434,12273
42.345733,-71.100694,TRUE,Burlington Ave at Brookline Ave,42.345733,-71.100694,-6772,3908,10680
42.345901,-71.063187,TRUE,Ink Block - Harrison Ave at Herald St,42.345901,-71.063187,-2553,4538,7091
42.34619708,-71.10728681,TRUE,St Mary's,42.34619708,-71.10728681,-3268,6274,9542
42.34652004,-71.08065777,TRUE,*,42.34652004,-71.08065777,-5022,10150,15172
42.34655124,-71.12833211,FALSE,JFK Crossing at Harvard St. / Thorndike St.,42.34655124,-71.12833211,219,219,0
42.346563,-71.128374,TRUE,JFK Crossing at Harvard St. / Thorndike St.,42.346563,-71.128374,-432,3782,4214
42.34679008,-71.14549814,FALSE,The Overlook at St. Gabriel's,42.34679008,-71.14549814,898,898,0
42.347241,-71.105301,TRUE,Park Dr at Buswell St,42.347241,-71.105301,-2938,9981,12919
42.347265,-71.088088,TRUE,Boylston St at Massachusetts Ave,42.347265,-71.088088,-9734,1215,10949
42.34734473,-71.10016808,TRUE,*,42.34734473,-71.10016808,-2316,2140,4456
42.34740621,-71.08678415,TRUE,Boylston St at Massachusetts Ave,42.34740621,-71.08678415,4641,13048,8407
42.34776345,-71.04535997,TRUE,Boston Convention and Exhibition Center - Summer St at West Side Dr,42.34776345,-71.04535997,-2474,1827,4301
42.34807412,-71.07657015,TRUE,Back Bay T Stop - Dartmouth St at Stuart St,42.34807412,-71.07657015,-16761,8457,25218
42.3481,-71.03764,TRUE,Congress St at Northern Ave,42.3481,-71.03764,114,5675,5561
42.34827839,-71.08044855,TRUE,Ring Rd,42.34827839,-71.08044855,-2502,8570,11072
42.34835863,-71.13997217,TRUE,Commonwealth Ave at Kelton St,42.34835863,-71.13997217,-329,6580,6909
42.34854543,-71.06559185,TRUE,Shawmut Ave at Oak St W,42.34854543,-71.06559185,1755,3685,1930
42.348706,-71.097009,TRUE,Kenmore Square,42.348706,-71.097009,-7269,10767,18036
42.348717,-71.085954,TRUE,Newbury St at Hereford St,42.348717,-71.085954,-3937,15205,19142
42.348762,-71.082383,TRUE,Boylston St at Fairfield St,42.348762,-71.082383,-6292,12603,18895
42.34881026,-71.04167744,TRUE,Seaport Hotel - Congress St at Seaport Ln,42.34881026,-71.04167744,-3002,4027,7029
42.34894857,-71.15027189,TRUE,Brighton Center - Washington St at Cambridge St,42.34894857,-71.15027189,-112,4694,4806
42.34895285,-71.16031677,TRUE,Washington St at Brock St,42.34895285,-71.16031677,452,2248,1796
42.34922469,-71.13275303,TRUE,*,42.34922469,-71.13275303,1762,11192,9430
42.34924377,-71.0972821,TRUE,Deerfield St at Commonwealth Ave,42.34924377,-71.0972821,-8092,11086,19178
42.3494261,-71.0620996,TRUE,Harrison Ave at Bennet St,42.3494261,-71.0620996,647,6181,5534
42.34947178,-71.22000679,FALSE,West Newton Armory,42.34947178,-71.22000679,26,26,0
42.349496,-71.10057592,TRUE,Silber Way,42.349496,-71.10057592,-5870,7718,13588
42.34953017,-71.13022771,TRUE,Harvard Ave at Brainerd Rd,42.34953017,-71.13022771,1257,10448,9191
42.34954403,-71.07242074,TRUE,Stuart St at Berkeley St,42.34954403,-71.07242074,310,6194,5884
42.34958942,-71.07946779,TRUE,Boylston St at Exeter St,42.34958942,-71.07946779,-2801,9563,12364
42.3496005,-71.22627497,FALSE,West Newton,42.3496005,-71.22627497,135,135,0
42.34960945,-71.10391524,TRUE,700 Commonwealth Ave.,42.34960945,-71.10391524,5587,8971,3384
42.34992828,-71.07739207,TRUE,Copley Square - Dartmouth St at Boylston St,42.34992828,-71.07739207,-10178,10329,20507
42.3501061,-71.07720464,FALSE,Boylston St at Dartmouth St,42.3501061,-71.07720464,2594,2594,0
42.350406,-71.108279,TRUE,B.U. Central - 725 Comm. Ave.,42.350406,-71.108279,-7981,10311,18292
42.350413,-71.07655,TRUE,*,42.350413,-71.07655,-3480,1073,4553
42.35057,-71.166491,TRUE,Oak Square - 615 Washington St,42.35057,-71.166491,278,2123,1845
42.35082681,-71.08981088,TRUE,Beacon St at Massachusetts Ave,42.35082681,-71.08981088,-1850,20713,22563
42.35096144,-71.07782811,TRUE,Dartmouth St at Newbury St,42.35096144,-71.07782811,-1863,12071,13934
42.3510045,-71.04930013,TRUE,Congress St at Sleeper St,42.3510045,-71.04930013,-3021,5202,8223
42.35114198,-71.07329249,TRUE,Boylston St at Berkeley St,42.35114198,-71.07329249,-3417,4597,8014
42.351146,-71.066289,TRUE,Stuart St at Charles St,42.351146,-71.066289,-1759,6032,7791
42.351356,-71.059367,TRUE,Chinatown Gate Plaza,42.351356,-71.059367,-5611,6704,12315
42.35147849,-71.0441622,TRUE,Mobile Temporary Station,42.35147849,-71.0441622,-3,0,3
42.35148194,-71.04436085,TRUE,Seaport Square - Seaport Blvd at Northern Ave,42.35148194,-71.04436085,-11259,8879,20138
42.35154735,-71.12126246,TRUE,Commonwealth Ave At Babcock St,42.35154735,-71.12126246,-197,9617,9814
42.35155309,-71.07569031,TRUE,Clarendon St at Newbury St,42.35155309,-71.07569031,-2453,5838,8291
42.351586,-71.04569256,TRUE,Watermark Seaport - Boston Wharf Rd at Seaport Blvd,42.351586,-71.04569256,-1828,9676,11504
42.35169202,-71.11903489,TRUE,Commonwealth Ave at Agganis Way,42.35169202,-71.11903489,-6965,15335,22300
42.35182807,-71.06781138,TRUE,Park Plaza at Charles St S.,42.35182807,-71.06781138,-3335,6668,10003
42.35204262,-71.0705781,TRUE,Boylston St at Arlington St,42.35204262,-71.0705781,-57,6565,6622
42.35205477,-71.07048687,TRUE,Boylston St at Arlington St,42.35205477,-71.07048687,-4416,0,4416
42.35212612,-71.07599601,TRUE,Copley Square - Dartmouth St at Boylston St,42.35212612,-71.07599601,-1369,0,1369
42.352175,-71.055547,TRUE,South Station - 700 Atlantic Ave,42.352175,-71.055547,-36548,9166,45714
42.35219035,-71.07600417,TRUE,Clarendon St at Commonwealth Ave,42.35219035,-71.07600417,-256,0,256
42.352261,-71.123831,TRUE,Packard's Corner - Commonwealth Ave at Brighton Ave,42.352261,-71.123831,-645,19422,20067
42.352409,-71.062679,TRUE,Chinatown T Stop,42.352409,-71.062679,-2199,14300,16499
42.35256693,-71.06770543,TRUE,Boylston St at Arlington St,42.35256693,-71.06770543,-502,0,502
42.3525761,-71.06764405,FALSE,Boylston St at Charles St,42.3525761,-71.06764405,3314,3314,0
42.3525878,-71.06764905,TRUE,Boylston St at Arlington St,42.3525878,-71.06764905,-2692,197,2889
42.35276621,-71.15988486,TRUE,Faneuil St at Arlington St,42.35276621,-71.15988486,591,2164,1573
42.3529457,-71.05656401,TRUE,Surface Rd at Summer St,42.3529457,-71.05656401,475,5813,5338
42.35317809,-71.04817357,TRUE,Seaport Blvd at Sleeper St,42.35317809,-71.04817357,-4145,14332,18477
42.353334,-71.137313,TRUE,Union Square - Brighton Ave at Cambridge St,42.353334,-71.137313,67,9491,9424
42.35339051,-71.0445714,TRUE,Fan Pier,42.35339051,-71.0445714,-1052,4776,5828
42.35389024,-71.19943707,FALSE,Washington St at Crafts St,42.35389024,-71.19943707,106,106,0
42.354659,-71.053181,TRUE,Purchase St at Pearl St,42.354659,-71.053181,-5491,4964,10455
42.354979,-71.063348,TRUE,Tremont St at West St,42.354979,-71.063348,-4551,9295,13846
42.35533502,-71.05822917,TRUE,Arch St at Franklin St,42.35533502,-71.05822917,-4351,6072,10423
42.35553629,-71.07286871,TRUE,Mugar Way at Beacon St,42.35553629,-71.07286871,-1133,19602,20735
42.35560121,-71.10394478,TRUE,MIT Vassar St,42.35560121,-71.10394478,-13252,18783,32035
42.35574335,-71.18641943,FALSE,Centre St at Washington St,42.35574335,-71.18641943,50,50,0
42.35585436,-71.05459746,TRUE,Post Office Square,42.35585436,-71.05459746,-1825,3181,5006
42.356052,-71.069849,TRUE,Beacon St at Charles St,42.356052,-71.069849,1556,11021,9465
42.35656092,-71.14167538,TRUE,Boston Landing,42.35656092,-71.14167538,1878,2488,610
42.35668335,-71.06166646,TRUE,Tremont St at Hamilton Pl,42.35668335,-71.06166646,-4644,10797,15441
42.356755,-71.055407,TRUE,Post Office Square - Pearl St at Milk St,42.356755,-71.055407,-1534,0,1534
42.35711921,-71.18604537,FALSE,Bacon St at Washington St,42.35711921,-71.18604537,121,121,0
42.357143,-71.050699,TRUE,Rowes Wharf at Atlantic Ave,42.357143,-71.050699,-7993,5668,13661
42.3572185,-71.11387163,TRUE,Lower Cambridgeport at Magazine St / Riverside Rd,42.3572185,-71.11387163,-2238,18078,20316
42.35732922,-71.1467354,TRUE,New Balance - 20 Guest St,42.35732922,-71.1467354,-1582,1825,3407
42.3577531,-71.10393405,TRUE,*,42.3577531,-71.10393405,-5656,7161,12817
42.3581,-71.093198,TRUE,MIT at Mass Ave / Amherst St,42.3581,-71.093198,-37958,26555,64513
42.358155,-71.052163,TRUE,Surface Rd at India St,42.358155,-71.052163,-6091,6583,12674
42.35849449,-71.0542647,FALSE,Broad St at Central St,42.35849449,-71.0542647,1332,1332,0
42.35872531,-71.07079532,TRUE,Charles St at Pinckney St,42.35872531,-71.07079532,-2916,0,2916
42.35892,-71.057629,TRUE,Boston City Hall - 28 State St,42.35892,-71.057629,-10188,10791,20979
42.3595732,-71.10129476,TRUE,MIT Pacific St at Purrington St,42.3595732,-71.10129476,-15507,21153,36660
42.35967536,-71.10160055,TRUE,Mobile Temporary Station,42.35967536,-71.10160055,-10,0,10
42.35980252,-71.05960783,TRUE,Government Center - Cambridge St at Court St,42.35980252,-71.05960783,-8486,890,9376
42.3598254,-71.05979576,TRUE,Government Center - Cambridge St at Court St,42.3598254,-71.05979576,-751,4985,5736
42.35991176,-71.05142981,TRUE,Aquarium T Stop - 200 Atlantic Ave,42.35991176,-71.05142981,-7513,10691,18204
42.360185,-71.07086598,TRUE,Charles Circle - Charles St at Cambridge St,42.360185,-71.07086598,-6411,0,6411
42.36027371,-71.12852452,TRUE,Honan Library,42.36027371,-71.12852452,-142,5045,5187
42.36041775,-71.05752244,TRUE,*,42.36041775,-71.05752244,2852,6238,3386
42.36054174,-71.08669817,FALSE,MIT Carleton St at Amherst St,42.36054174,-71.08669817,4181,4181,0
42.36068456,-71.201462,FALSE,Nonantum Library,42.36068456,-71.201462,155,155,0
42.36079297,-71.07118962,TRUE,Charles Circle - Charles St at Cambridge St,42.36079297,-71.07118962,16092,34125,18033
42.36085937,-71.08551858,FALSE,MIT Hayward St at Amherst St,42.36085937,-71.08551858,1857,1857,0
42.36121165,-71.0653062,TRUE,Cambridge St at Joy St,42.36121165,-71.0653062,-13327,478,13805
42.36125722,-71.06528744,TRUE,Cambridge St at Joy St,42.36125722,-71.06528744,9801,17425,7624
42.36135838,-71.09670274,TRUE,Mass Ave at Albany St,42.36135838,-71.09670274,-9110,13141,22251
42.36154571,-71.13776207,TRUE,Brighton Mills - 370 Western Ave,42.36154571,-71.13776207,-353,4961,5314
42.36161932,-71.08043551,TRUE,One Memorial Drive,42.36161932,-71.08043551,-3937,4152,8089
42.36178044,-71.10809952,TRUE,Dana Park,42.36178044,-71.10809952,-739,11281,12020
42.36178741,-71.14393111,TRUE,Western Ave at Richardson St,42.36178741,-71.14393111,2146,3002,856
42.36213123,-71.09115601,TRUE,MIT Stata Center at Vassar St / Main St,42.36213123,-71.09115601,-32470,16925,49395
42.36224179,-71.08311072,TRUE,One Broadway / Kendall Sq at Main St / 3rd St,42.36224179,-71.08311072,941,8655,7714
42.36242784,-71.08495474,TRUE,Kendall T,42.36242784,-71.08495474,-25991,12899,38890
42.3625,-71.08822,TRUE,Ames St at Main St,42.3625,-71.08822,-22331,20817,43148
42.36254854,-71.05737358,TRUE,Boston Public Market,42.36254854,-71.05737358,-10456,9092,19548
42.36264779,-71.10006094,TRUE,University Park,42.36264779,-71.10006094,-10018,11435,21453
42.36277389,-71.15764855,FALSE,Arsenal Yards,42.36277389,-71.15764855,650,650,0
42.362811,-71.056067,TRUE,Cross St at Hanover St,42.362811,-71.056067,13727,22951,9224
42.36300378,-71.08974038,FALSE,Galileo Galilei Way at Main Street,42.36300378,-71.08974038,4174,4174,0
42.36314499,-71.12298574,TRUE,Innovation Lab - 125 Western Ave at Batten Way,42.36314499,-71.12298574,-447,1432,1879
42.36346469,-71.10057324,TRUE,Lafayette Square at Mass Ave / Main St / Columbia St,42.36346469,-71.10057324,-3019,10752,13771
42.36356016,-71.08216792,TRUE,Kendall Street,42.36356016,-71.08216792,-4949,5987,10936
42.3636929,-71.0875672,TRUE,Ames St at Broadway,42.3636929,-71.0875672,-3447,10998,14445
42.36371276,-71.12459779,FALSE,Innovation Lab - 125 Western Ave at Batten Way,42.36371276,-71.12459779,222,222,0
42.363732,-71.124565,TRUE,Innovation Lab - 125 Western Ave at Batten Way,42.363732,-71.124565,-2866,0,2866
42.363796,-71.129164,TRUE,175 N Harvard St,42.363796,-71.129164,-834,11328,12162
42.363871,-71.050877,TRUE,Lewis Wharf at Atlantic Ave,42.363871,-71.050877,-2025,16611,18636
42.36411904,-71.02876782,FALSE,Porzio Park,42.36411904,-71.02876782,243,243,0
42.36426344,-71.1182757,TRUE,Soldiers Field Park - 111 Western Ave,42.36426344,-71.1182757,234,9263,9029
42.36435589,-71.06959369,TRUE,Blossom St at Charles St,42.36435589,-71.06959369,5518,8368,2850
42.36444157,-71.18091374,FALSE,N. Beacon St at N. Beacon Ct,42.36444157,-71.18091374,297,297,0
42.36466403,-71.17569387,FALSE,160 Arsenal,42.36466403,-71.17569387,55,55,0
42.36489293,-71.03497177,TRUE,Piers Park,42.36489293,-71.03497177,323,2118,1795
42.36507,-71.1031,TRUE,Central Square at Mass Ave / Essex St,42.36507,-71.1031,-21363,32758,54121
42.36526032,-71.18573325,FALSE,Watertown Sq,42.36526032,-71.18573325,1072,1072,0
42.36530095,-71.06092191,FALSE,Canal St at Causeway St,42.36530095,-71.06092191,4627,4627,0
42.36544486,-71.08277142,TRUE,Third at Binney,42.36544486,-71.08277142,-2376,10287,12663
42.36550729,-71.0801376,TRUE,75 Binney St,42.36550729,-71.0801376,-2298,4243,6541
42.365673,-71.064263,TRUE,Nashua Street at Red Auerbach Way,42.365673,-71.064263,-23499,15858,39357
42.36575798,-71.07699394,TRUE,Rogers St & Land Blvd,42.36575798,-71.07699394,-4418,3092,7510
42.36590788,-71.06446669,TRUE,West End Park,42.36590788,-71.06446669,-6854,914,7768
42.36599433,-71.09522222,TRUE,Harvard St at Greene-Rose Heritage Park,42.36599433,-71.09522222,-6629,8678,15307
42.36608797,-71.08633604,TRUE,Binney St / Sixth St,42.36608797,-71.08633604,-3296,4568,7864
42.36616224,-71.08688294,TRUE,Binney St / Sixth St,42.36616224,-71.08688294,-2442,0,2442
42.366277,-71.09169,TRUE,One Kendall Square at Hampshire St / Portland St,42.366277,-71.09169,-13567,11759,25326
42.366426,-71.105495,TRUE,Central Sq Post Office / Cambridge City Hall at Mass Ave / Pleasant St,42.366426,-71.105495,-7028,17970,24998
42.366621,-71.114214,TRUE,Harvard University Housing - 115 Putnam Ave at Peabody Terrace,42.366621,-71.114214,-2424,9310,11734
42.366981,-71.076472,TRUE,CambridgeSide Galleria - CambridgeSide PL at Land Blvd,42.366981,-71.076472,-6064,8257,14321
42.36762049,-71.15656637,FALSE,Nichols Ave. at Watertown Greenway,42.36762049,-71.15656637,14,14,0
42.367621,-71.187936,FALSE,Watertown Town Hall,42.367621,-71.187936,95,95,0
42.36769018,-71.07116282,TRUE,Museum of Science,42.36769018,-71.07116282,-1986,3406,5392
42.36774122,-71.03335975,TRUE,Maverick St at Massport Path,42.36774122,-71.03335975,1697,1916,219
42.368019,-71.1242,FALSE,Harvard Stadium: N. Harvard St at Soldiers Field Rd,42.368019,-71.1242,402,402,0
42.36860524,-71.09930186,TRUE,*,42.36860524,-71.09930186,-207,11404,11611
42.36884408,-71.03977829,TRUE,Maverick Square - Lewis Mall,42.36884408,-71.03977829,680,3418,2738
42.36912158,-71.11638672,TRUE,Harvard University River Houses at DeWolfe St / Cowperthwaite St,42.36912158,-71.11638672,1427,6386,4959
42.36919032,-71.11714125,TRUE,Harvard University River Houses at DeWolfe St / Cowperthwaite St,42.36919032,-71.11714125,-4484,5236,9720
42.36920617,-71.11710638,FALSE,Harvard University River Houses at DeWolfe St / Cowperthwaite St,42.36920617,-71.11710638,1415,1415,0
42.369536,-71.039431,TRUE,East Boston Neighborhood Health Center - 20 Maverick Square,42.369536,-71.039431,-358,1178,1536
42.36955298,-71.08579015,TRUE,Kennedy-Longfellow School 158 Spring St,42.36955298,-71.08579015,3846,10093,6247
42.369885,-71.069957,TRUE,EF - North Point Park,42.369885,-71.069957,-1001,8744,9745
42.37057753,-71.0355854,FALSE,Gove St at Orleans St,42.37057753,-71.0355854,222,222,0
42.370677,-71.076529,TRUE,Lechmere Station at Cambridge St / First St,42.370677,-71.076529,-10719,10224,20943
42.370744,-71.044201,TRUE,The Eddy - New St at Sumner St,42.370744,-71.044201,646,1412,766
42.370803,-71.104412,TRUE,359 Broadway - Broadway at Fayette Street,42.370803,-71.104412,-5057,11218,16275
42.37119728,-71.09759867,TRUE,Cambridge Dept. of Public Works -147 Hampshire St.,42.37119728,-71.09759867,-4394,7988,12382
42.37150494,-71.07249312,TRUE,Child St at North St,42.37150494,-71.07249312,1900,8939,7039
42.371848,-71.060292,TRUE,Warren St at Chelsea St,42.371848,-71.060292,-8428,9543,17971
42.37207612,-71.15683131,FALSE,Coolidge Sq.,42.37207612,-71.15683131,797,797,0
42.37207658,-71.08995434,TRUE,Berkshire Street at Cambridge Street,42.37207658,-71.08995434,5874,11351,5477
42.3722168,-71.12188071,TRUE,Harvard Kennedy School at Bennett St / Eliot St,42.3722168,-71.12188071,-7740,7751,15491
42.37250865,-71.11305356,TRUE,Verizon Innovation Hub 10 Ware Street,42.37250865,-71.11305356,-2755,6978,9733
42.372969,-71.094445,TRUE,Cambridge St - at Columbia St / Webster Ave,42.372969,-71.094445,-5010,8642,13652
42.373231,-71.120886,TRUE,Harvard Square at Brattle St / Eliot St,42.373231,-71.120886,-6742,9303,16045
42.373268,-71.118579,TRUE,Harvard Square at Mass Ave/ Dunster,42.373268,-71.118579,-17513,19722,37235
42.37331213,-71.04102008,TRUE,Boston East - 126 Border St,42.37331213,-71.04102008,-753,654,1407
42.373379,-71.111075,TRUE,Cambridge Main Library at Broadway / Trowbridge St,42.373379,-71.111075,-5094,8728,13822
42.37407974,-71.03276393,TRUE,Airport T Stop - Bremen St at Brooks St,42.37407974,-71.03276393,-231,870,1101
42.3740832,-71.03274185,TRUE,Airport T Stop - Bremen St at Brooks St,42.3740832,-71.03274185,-90,55,145
42.37408991,-71.06905997,TRUE,Bunker Hill Community College,42.37408991,-71.06905997,-4296,1613,5909
42.37411262,-71.03277501,TRUE,Airport T Stop - Bremen St at Brooks St,42.37411262,-71.03277501,-156,0,156
42.37412455,-71.054812,TRUE,Charlestown Navy Yard,42.37412455,-71.054812,-2575,9266,11841
42.37438409,-71.10015746,TRUE,Inman Square at Springfield St.,42.37438409,-71.10015746,-5475,9601,15076
42.37478629,-71.13320231,TRUE,Mt Auburn,42.37478629,-71.13320231,-678,3725,4403
42.37487847,-71.06383499,TRUE,Main St at Thompson Sq,42.37487847,-71.06383499,-2255,2929,5184
42.37500235,-71.14871614,TRUE,699 Mt Auburn St,42.37500235,-71.14871614,-968,3173,4141
42.37533523,-71.03131585,TRUE,Airport T Stop - Bremen St at Brooks St,42.37533523,-71.03131585,-586,0,586
42.37535497,-71.03133336,FALSE,Airport T Stop - Bremen St at Brooks St,42.37535497,-71.03133336,3940,3940,0
42.37544913,-71.03918549,TRUE,Central Square East Boston,42.37544913,-71.03918549,1694,2281,587
42.375603,-71.064608,TRUE,Main St at Austin St,42.375603,-71.064608,-2820,4394,7214
42.376369,-71.114025,TRUE,*,42.376369,-71.114025,-6909,4897,11806
42.377022,-71.056605,TRUE,Hayes Square - Vine St at Moulton St,42.377022,-71.056605,-668,1460,2128
42.377945,-71.116865,TRUE,Harvard University / SEAS Cruft-Pierce Halls at 29 Oxford St,42.377945,-71.116865,-7829,5117,12946
42.378338,-71.048927,TRUE,Spaulding Rehabilitation Hospital - Charlestown Navy Yard,42.378338,-71.048927,-395,6585,6980
42.37842,-71.105668,TRUE,Beacon St at Washington / Kirkland,42.37842,-71.105668,-3843,5299,9142
42.378965,-71.068607,TRUE,Edwards Playground - Main St at Eden St,42.378965,-71.068607,-1663,2668,4331
42.379011,-71.119945,TRUE,Harvard Law School at Mass Ave / Jarvis St,42.379011,-71.119945,-5044,6341,11385
42.37927325,-71.10341903,TRUE,Perry Park,42.37927325,-71.10341903,-3186,4397,7583
42.379295,-71.027733,FALSE,Day Sq,42.379295,-71.027733,75,75,0
42.379584,-71.095236,FALSE,Union Square - Somerville,42.379584,-71.095236,1689,1689,0
42.37959526,-71.09530799,TRUE,Union Square - Somerville,42.37959526,-71.09530799,-1335,0,1335
42.3796581,-71.0939428,TRUE,Union Square - Somerville,42.3796581,-71.0939428,-4103,0,4103
42.37967148,-71.0954931,TRUE,Union Square - Somerville,42.37967148,-71.0954931,-1904,0,1904
42.37967448,-71.09391324,TRUE,Union Square - Somerville,42.37967448,-71.09391324,600,5645,5045
42.37971603,-71.09391332,FALSE,Union Square - Somerville,42.37971603,-71.09391332,600,600,0
42.379772,-71.027448,TRUE,Chelsea St at Saratoga St,42.379772,-71.027448,677,1112,435
42.380078,-71.090098,FALSE,Union Square East (Temp Winter Station),42.380078,-71.090098,185,185,0
42.380287,-71.125107,TRUE,Harvard University Radcliffe Quadrangle at Shepard St / Garden St,42.380287,-71.125107,-3034,6406,9440
42.38032335,-71.10878613,TRUE,191 Beacon St,42.38032335,-71.10878613,-1906,4747,6653
42.38042947,-71.06055722,TRUE,Medford St at Charlestown BCYF,42.38042947,-71.06055722,-742,2948,3690
42.38066931,-71.03907316,FALSE,Marion St at White St,42.38066931,-71.03907316,100,100,0
42.38078817,-71.15412891,TRUE,700 Huron Ave,42.38078817,-71.15412891,-325,1653,1978
42.380857,-71.070629,TRUE,Main St at Baldwin St,42.380857,-71.070629,-1483,2965,4448
42.380998,-71.08721308,TRUE,Washington St at Myrtle St,42.380998,-71.08721308,-577,40,617
42.38100143,-71.10402523,TRUE,30 Dane St,42.38100143,-71.10402523,-6182,4357,10539
42.381056,-71.087083,FALSE,Washington St @ New Washington St (Temp Winter Station),42.381056,-71.087083,308,308,0
42.38165061,-71.13426982,TRUE,Huron Ave At Vassal Lane,42.38165061,-71.13426982,-1571,2345,3916
42.38169983,-71.08377589,TRUE,Washington St at Myrtle St,42.38169983,-71.08377589,-1520,0,1520
42.38170676,-71.08377187,TRUE,Washington St at Myrtle St,42.38170676,-71.08377187,652,2032,1380
42.38240378,-71.03024304,TRUE,Glendon St at Condor St,42.38240378,-71.03024304,286,482,196
42.38267828,-71.14347895,TRUE,Fresh Pond Reservation,42.38267828,-71.14347895,1436,3588,2152
42.3829443,-71.12449831,FALSE,Graham and Parks School – Linnaean St at Walker St,42.3829443,-71.12449831,1863,1863,0
42.383405,-71.107593,TRUE,Conway Park - Somerville Avenue,42.383405,-71.107593,-4704,5514,10218
42.38353252,-71.01619095,TRUE,Bennington St at Byron St,42.38353252,-71.01619095,369,857,488
42.38363402,-71.10855814,TRUE,Craigie at Summer St,42.38363402,-71.10855814,-917,72,989
42.38364093,-71.10868692,FALSE,Conway Park @ Bleachery Ct (Temp Winter Station),42.38364093,-71.10868692,339,339,0
42.38393225,-71.13961272,TRUE,Vassal Lane at Tobin/VLUS,42.38393225,-71.13961272,-560,1654,2214
42.38445226,-71.07514855,TRUE,Sullivan Square,42.38445226,-71.07514855,1556,2193,637
42.38522394,-71.01063069,TRUE,Bennington St at Constitution Beach,42.38522394,-71.01063069,1430,2082,652
42.385582,-71.113341,TRUE,Wilson Square,42.385582,-71.113341,-1837,0,1837
42.38567579,-71.11412136,TRUE,Wilson Square,42.38567579,-71.11412136,401,3551,3150
42.38614141,-71.0782814,TRUE,Broadway St at Mt Pleasant St,42.38614141,-71.0782814,-2066,2185,4251
42.38674802,-71.11901879,TRUE,Lesley University,42.38674802,-71.11901879,-1443,5135,6578
42.386781,-71.006098,TRUE,Orient Heights T Stop - Bennington St at Saratoga St,42.386781,-71.006098,1906,2945,1039
42.386844,-71.09812,TRUE,Somerville City Hall,42.386844,-71.09812,-2381,3699,6080
42.387151,-71.075978,TRUE,18 Dorrance Warehouse,42.387151,-71.075978,-399,146,545
42.38717463,-71.08714389,TRUE,Edgerly Education Center,42.38717463,-71.08714389,16,2171,2155
42.38762811,-71.08318716,TRUE,East Somerville Library (Broadway and Illinois),42.38762811,-71.08318716,-1225,1882,3107
42.387995,-71.119084,TRUE,Porter Square Station,42.387995,-71.119084,-8182,8380,16562
42.38828873,-71.1107146,TRUE,Craigie at Summer St,42.38828873,-71.1107146,-905,0,905
42.38830554,-71.11067977,TRUE,Craigie at Summer St,42.38830554,-71.11067977,822,1211,389
42.388966,-71.132788,TRUE,Danehy Park,42.388966,-71.132788,346,3549,3203
42.38952436,-71.1169414,TRUE,Elm St at White St,42.38952436,-71.1169414,1671,5113,3442
42.39022671,-71.03857018,FALSE,Chelsea Square,42.39022671,-71.03857018,24,24,0
42.39044949,-71.1085595,TRUE,Somerville Hospital,42.39044949,-71.1085595,424,1973,1549
42.39088802,-71.1096257,TRUE,Somerville Hospital,42.39088802,-71.1096257,-1600,0,1600
42.39108438,-71.09039426,TRUE,Foss Park,42.39108438,-71.09039426,-500,2511,3011
42.39120972,-71.12260755,TRUE,Mass Ave at Hadley/Walden,42.39120972,-71.12260755,-1091,3244,4335
42.39189812,-71.09745376,TRUE,Somerville City Hall Annex,42.39189812,-71.09745376,18,1146,1128
42.39223284,-71.07746601,TRUE,Assembly Square T,42.39223284,-71.07746601,650,3921,3271
42.39239749,-71.15058332,FALSE,Smith Pl at Wilson Rd,42.39239749,-71.15058332,544,544,0
42.392525,-71.105587,FALSE,Community Path at Lowell St,42.392525,-71.105587,589,589,0
42.392766,-71.129042,TRUE,Rindge Avenue - O'Neill Library,42.392766,-71.129042,-224,2547,2771
42.39301409,-71.03392497,FALSE,Bellingham Square,42.39301409,-71.03392497,31,31,0
42.39329263,-71.0724476,TRUE,Encore,42.39329263,-71.0724476,192,942,750
42.3936,-71.143941,TRUE,84 Cambridgepark Dr,42.3936,-71.143941,564,2095,1531
42.39407224,-71.11133695,TRUE,Community Path at Cedar Street,42.39407224,-71.11133695,-5045,4496,9541
42.39453079,-71.03085595,FALSE,Broadway at Gerrish Ave,42.39453079,-71.03085595,26,26,0
42.3951715,-71.09850592,TRUE,Broadway at Central St,42.3951715,-71.09850592,-1295,2124,3419
42.39558846,-71.14260614,TRUE,Alewife MBTA at Steel Place,42.39558846,-71.14260614,-325,3700,4025
42.396105,-71.139459,TRUE,Alewife Station at Russell Field,42.396105,-71.139459,-47,3614,3661
42.39636528,-71.03987179,FALSE,Chelsea Station,42.39636528,-71.03987179,25,25,0
42.39638681,-71.12011306,TRUE,Grove St at Community Path,42.39638681,-71.12011306,-3856,4951,8807
42.39648358,-71.0654676,TRUE,Broadway at Lynde St,42.39648358,-71.0654676,-900,904,1804
42.396764,-71.102376,FALSE,Broadway Opposite Norwood Ave  (Temp Winter Station),42.396764,-71.102376,128,128,0
42.39678589,-71.10237297,TRUE,Somerville Hospital,42.39678589,-71.10237297,-477,14,491
42.396969,-71.123024,TRUE,Davis Square,42.396969,-71.123024,-7567,7748,15315
42.3977834,-71.10594005,TRUE,Magoun Square at Trum Field,42.3977834,-71.10594005,1034,2556,1522
42.39782213,-71.1060667,TRUE,Ball Sq,42.39782213,-71.1060667,-516,57,573
42.397828,-71.130516,TRUE,Linear Park - Mass. Ave. at Cameron Ave.,42.397828,-71.130516,-3282,5510,8792
42.39790817,-71.14797131,TRUE,Discovery Park - 30 Acorn Park Drive,42.39790817,-71.14797131,322,1119,797
42.39813565,-71.03070972,FALSE,Cary Square,42.39813565,-71.03070972,26,26,0
42.3983606,-71.06373843,TRUE,Broadway at Beacham St,42.3983606,-71.06373843,62,1231,1169
42.398365,-71.107818,TRUE,Magoun Square at Trum Field,42.398365,-71.107818,-2652,56,2708
42.39841773,-71.02390923,FALSE,855 Broadway,42.39841773,-71.02390923,6,6,0
42.398444,-71.107833,FALSE,Trum Field @ Cedar St (Temp Winter Station),42.398444,-71.107833,165,165,0
42.39915589,-71.11102574,TRUE,Ball Sq,42.39915589,-71.11102574,-689,0,689
42.3991826,-71.11104455,TRUE,Ball Sq,42.3991826,-71.11104455,1042,1425,383
42.40016805,-71.14456963,FALSE,Thorndike Field at Minuteman Bikeway,42.40016805,-71.14456963,542,542,0
42.400877,-71.116772,TRUE,Powder House Circle - Nathan Tufts Park,42.400877,-71.116772,-97,3484,3581
42.40203828,-71.12653292,TRUE,Teele Square,42.40203828,-71.12653292,-1298,0,1298
42.40231703,-71.12671129,TRUE,Teele Square,42.40231703,-71.12671129,1134,1716,582
42.40328057,-71.0476264,TRUE,Chelsea St at Vine St,42.40328057,-71.0476264,517,812,295
42.40413,-71.0613,TRUE,Main Street at Carter Street,42.40413,-71.0613,-227,0,227
42.40449,-71.123413,TRUE,Packard Ave at Powderhouse Blvd,42.40449,-71.123413,-1247,2458,3705
42.40581172,-71.06708851,TRUE,Norman St at Kelvin St,42.40581172,-71.06708851,-90,0,90
42.40615157,-71.06040745,TRUE,Main Street at Carter Street,42.40615157,-71.06040745,-65,189,254
42.40616124,-71.06041655,FALSE,Kearins Playground,42.40616124,-71.06041655,45,45,0
42.406302,-71.132446,TRUE,Clarendon Hill at Broadway,42.406302,-71.132446,970,1990,1020
42.40725945,-71.05546381,TRUE,Everett Square (Broadway at Chelsea St),42.40725945,-71.05546381,-10,685,695
42.40726052,-71.14382132,FALSE,Mass Ave at Grafton St,42.40726052,-71.14382132,206,206,0
42.40741,-71.0139,FALSE,Revere City Hall,42.40741,-71.0139,31,31,0
42.408088,-71.008942,FALSE,Revere Public Library,42.408088,-71.008942,36,36,0
42.40914878,-71.04597684,TRUE,Ferry St at Pleasantview Ave,42.40914878,-71.04597684,-68,0,68
42.40933007,-71.06381878,TRUE,*,42.40933007,-71.06381878,-2,327,329
42.40935396,-71.14906519,FALSE,Linwood St at Minuteman Bikeway,42.40935396,-71.14906519,559,559,0
42.40985878,-71.06631868,TRUE,Norman St at Kelvin St,42.40985878,-71.06631868,423,494,71
42.40994213,-71.1400932,FALSE,Broadway at Grafton St,42.40994213,-71.1400932,136,136,0
42.41034691,-71.05260458,TRUE,Broadway at Maple St,42.41034691,-71.05260458,-78,281,359
42.41072714,-71.06266823,TRUE,Main St at Beacon St,42.41072714,-71.06266823,-181,0,181
42.41143223,-71.06823265,TRUE,*,42.41143223,-71.06823265,1524,1716,192
42.41250451,-71.05842225,TRUE,*,42.41250451,-71.05842225,85,288,203
42.41427294,-71.04479656,TRUE,Glendale Square (Ferry St at Broadway),42.41427294,-71.04479656,693,837,144
42.41480161,-71.0477256,TRUE,Glendale Square (Ferry St at Broadway),42.41480161,-71.0477256,-89,0,89
42.41496265,-71.05279301,FALSE,Hale Park,42.41496265,-71.05279301,173,173,0
42.41608484,-71.15315407,FALSE,Railroad Lot and Minuteman Bikeway,42.41608484,-71.15315407,732,732,0
